Step,Reward,TorsoHeight,Terminated,Truncated
0,2.248064425167577,0.7972522836871846,False,False
1,1.8614616411683613,0.7914635148068645,False,False
2,0.9511545179395776,0.7564074893700726,False,False
3,-0.01617405694522761,0.7421891513052894,False,False
4,-0.060571042687553894,0.701462959472689,False,False
5,-1.062702368044964,0.6429872091271646,False,False
6,-1.966078324103137,0.5852426060181148,False,False
7,-1.6844622010956116,0.5500693767210441,False,False
8,-1.0910649733953983,0.541179647780739,False,False
9,-0.26292696492547507,0.5552790014673259,False,False
10,0.09215697465027195,0.6313611536913928,False,False
11,2.202690457620335,0.7078927642061602,False,False
12,3.4333303663664485,0.7610459394193667,False,False
13,3.3082470912701885,0.7896735716585088,False,False
14,3.808230809048037,0.8166697137737643,False,False
15,3.0849096998872145,0.863757203714516,False,False
16,3.6384749468627016,0.9045933573362075,False,False
17,3.9768144964033607,0.9247468232013084,False,False
18,3.801665360378394,0.9264301227951742,False,False
19,2.4619595945780746,0.9119466507722515,False,False
20,2.692969682223643,0.8776593565570628,False,False
21,3.611939846171544,0.8099945478495305,False,False
22,3.1361438238044856,0.7125018287784242,False,False
23,3.9112913043251583,0.6721975241995906,False,False
24,5.468882184880153,0.7372488886983158,False,False
25,5.034214956393903,0.7914187406299035,False,False
26,4.853677339343112,0.8206009262791552,False,False
27,4.340184704475554,0.8252133132548716,False,False
28,4.1011134463115155,0.8065576764997983,False,False
29,3.7050212001040332,0.7695958284672717,False,False
30,3.3285211018413636,0.7087461740484472,False,False
31,4.234955385622715,0.6324041522133415,False,False
32,4.458523690412845,0.6093126121105876,False,False
33,4.331650606782436,0.5976435135619618,False,False
34,4.469043294613441,0.596183751610158,False,False
35,4.999074760398338,0.6448402069327981,False,False
36,4.342523203232727,0.669306172241601,False,False
37,3.880381951981878,0.6600885347941376,False,False
38,3.9370058016932283,0.6236206970959166,False,False
39,2.936949478369721,0.582490123095446,False,False
40,2.1950796920232576,0.5416639941731731,False,False
41,4.11324428582951,0.5564430333007099,False,False
42,0.4490557433821182,0.6898133490326948,False,False
43,0.8430612837231375,0.8940108852368124,False,False
44,1.4650009425061112,1.0624927484780344,True,False
45,2.2722979098857934,0.7618565503066308,False,False
46,1.8813701515260777,0.7605331974117413,False,False
47,1.8726334962604534,0.7184045152814178,False,False
48,0.9235343026406624,0.6471317182023587,False,False
49,-0.06019823112783973,0.6298176437818882,False,False
50,1.3850334321951236,0.6310739749440213,False,False
51,1.0551190236139594,0.6101345795366987,False,False
52,1.5166119607314612,0.5767991430472945,False,False
53,1.4163108134842615,0.5796677786870176,False,False
54,1.2420845338330933,0.6423908108431858,False,False
55,1.9444855733830406,0.6951143490135708,False,False
56,1.720684828405931,0.7269034076092605,False,False
57,2.4444916282149896,0.7437199454146862,False,False
58,2.2294289659434914,0.7424518223100346,False,False
59,1.6037133161756412,0.7238689478033585,False,False
60,1.9184642230989697,0.6808310240992068,False,False
61,1.7536932842378383,0.6169616000504256,False,False
62,0.3288802851625926,0.5306464825610704,False,False
63,-0.8446049839139174,0.5111020068835497,False,False
64,-0.8454497133197503,0.5531225848376952,False,False
65,-0.41719950464234895,0.6080131012210873,False,False
66,-0.44159970496429435,0.6388238384710203,False,False
67,-0.569951090001011,0.6403238980629227,False,False
68,-0.8714824852197621,0.6201640930171382,False,False
69,-1.5081274544593914,0.5831165861283101,False,False
70,-1.5787394762001945,0.6015245332596282,False,False
71,-1.9605819418463541,0.6172546737283411,False,False
72,-1.193906151607859,0.6066018636002148,False,False
73,-0.19446553964902225,0.5910248747026358,False,False
74,-0.4259819597828277,0.6237603738153535,False,False
75,0.17169369986984176,0.658537147012653,False,False
76,-0.6917710811374032,0.666073285276421,False,False
77,-0.4371478569739565,0.6675871538821209,False,False
78,-0.4219886537954263,0.6409671309051815,False,False
79,-1.4238032564917167,0.5960270364321758,False,False
80,-0.7234458883279636,0.5616227495823216,False,False
81,0.2167564006366852,0.5053907581314517,False,False
82,-1.5291747192127385,0.48057078142856235,False,False
83,0.08764082412081742,0.577356358182308,False,False
84,1.6434886798906676,0.7184971562469661,False,False
85,1.6136629670531997,0.8323542074420972,False,False
86,1.7884791870701628,0.9284711941404373,False,False
87,1.231981501366859,1.0176824115132819,True,False
88,2.116418122320872,0.7922679253007825,False,False
89,1.520120548346402,0.7802459211828295,False,False
90,2.1471094923427545,0.7588646625644344,False,False
91,1.1120077873841998,0.714930744759629,False,False
92,1.300749305214095,0.7233004132551079,False,False
93,2.4085133840988338,0.7557444979629804,False,False
94,1.7657090735735816,0.7694395654136199,False,False
95,1.7715967169663203,0.75353258123784,False,False
96,0.875144373975182,0.7095848608000842,False,False
97,0.9339368594812022,0.6511923314693242,False,False
98,1.6947748571140888,0.5995106109849452,False,False
99,3.0242940710252544,0.6026591241190823,False,False
100,4.384229759159295,0.7409419416053681,False,False
101,4.426379170333307,0.8573375663684522,False,False
102,5.333900442455615,0.9400055421882157,False,False
103,5.7200449183460105,1.0138533877387643,True,False
104,2.244408683547349,0.7737211257210427,False,False
105,1.7434814806969459,0.7646975707038524,False,False
106,1.8566460444496231,0.7124385298583346,False,False
107,-0.011843753584381778,0.6707536397256247,False,False
108,-1.2348679205240969,0.6466646251045141,False,False
109,-1.3520660518649241,0.599508083001077,False,False
110,-0.7716694604227867,0.5619345220592065,False,False
111,-0.8732668895532961,0.5069243849786899,False,False
112,-0.16071347488104537,0.47079592996075526,False,False
113,0.7604763892841244,0.5112140897051565,False,False
114,0.7391527455740527,0.6077937423926809,False,False
115,1.152334124945138,0.6953082072331228,False,False
116,1.691144359692433,0.7545039853281431,False,False
117,2.352329417896967,0.7902558084932737,False,False
118,2.7041100606235835,0.7992298583712236,False,False
119,3.127852897639899,0.7908480626692025,False,False
120,2.893716761589884,0.7751565984448555,False,False
121,2.790654483299317,0.7310691739706392,False,False
122,3.104808174340784,0.7157024299888272,False,False
123,2.7505821423550154,0.6834657510592307,False,False
124,0.99611913259271,0.7093332129672721,False,False
125,1.8216429634927107,0.8244172846760616,False,False
126,3.0533953818111823,0.9100826571074535,False,False
127,3.4724293454373543,0.9698629927907558,False,False
128,2.6400813534865253,1.002062273960816,True,False
129,1.8988632903923341,0.7475379010214828,False,False
130,1.3898588359310204,0.7468665978838457,False,False
131,1.3712146382203474,0.7107323578566749,False,False
132,1.2385571788305854,0.6384221486374176,False,False
133,2.4271429393321045,0.6239045432192423,False,False
134,3.564516410021711,0.6048551715734816,False,False
135,4.713754287776478,0.629845885171085,False,False
136,4.384836133640357,0.6777345024646975,False,False
137,4.072288043795616,0.6955824131137979,False,False
138,3.7766908740198466,0.6912058579235819,False,False
139,3.334103494022239,0.6685001233910133,False,False
140,2.857108593480703,0.6309411218418887,False,False
141,2.0704231538565177,0.6105048284291882,False,False
142,2.3985064744118763,0.5902402639560144,False,False
143,1.5650542897252562,0.5536928719603401,False,False
144,2.488030725655693,0.5691021392903451,False,False
145,2.5824263312622673,0.5927279930998886,False,False
146,2.63130989685515,0.5936532896397138,False,False
147,2.5220070999891897,0.5744213802159498,False,False
148,2.4438514446401802,0.5304984517178779,False,False
149,1.3692409208722895,0.5164609695271208,False,False
150,0.820419738029921,0.5778205972835296,False,False
151,1.4582880343152564,0.6323034504956275,False,False
152,0.6865896733220479,0.6633671332207548,False,False
153,0.39143162187466374,0.6669482937391008,False,False
154,1.117924792004881,0.6536106868180928,False,False
155,0.3963859996033051,0.6356550996567367,False,False
156,0.11074036467877726,0.6536684654727404,False,False
157,0.0006471793994774488,0.6504872118190527,False,False
158,-0.005298343565258323,0.636085336683564,False,False
159,-1.5511575327991711,0.6055912372730291,False,False
160,-0.6569707281889876,0.6517426479126776,False,False
161,-0.8662076870180444,0.6883537148092995,False,False
162,-1.598909489241713,0.6985453168624096,False,False
163,-1.0016827617280566,0.685760068801519,False,False
164,0.7233004320963405,0.6501518190023124,False,False
165,1.2253566407623944,0.6210203939096065,False,False
166,0.5206239854479522,0.5733287197177285,False,False
167,-1.155026421524695,0.5330137658146762,False,False
168,0.9820541221217671,0.501425288442373,False,False
169,3.6813551855241196,0.5546581090794634,False,False
170,4.033204586505735,0.6327380396482256,False,False
171,4.577627076518128,0.6818462827016947,False,False
172,5.940575731426752,0.7135376291598304,False,False
173,5.575434338201609,0.7391360468458388,False,False
174,5.5633720846992505,0.7598960464870458,False,False
175,5.986194424552771,0.7498108506010156,False,False
176,5.62580800309477,0.7442912729483011,False,False
177,5.98519276456803,0.7139964209665448,False,False
178,5.62382737877515,0.6881307639213076,False,False
179,5.455484234641737,0.6757755078769815,False,False
180,5.373237771516153,0.6420064143439529,False,False
181,5.476823674997324,0.591021193567135,False,False
182,5.358723747232752,0.5328484419993201,False,False
183,4.499849947979174,0.45193236083551724,False,False
184,3.949765975154998,0.3975685479333303,False,False
185,3.5324940351668475,0.32708322169109844,False,False
186,-7.157997279210781,0.24609999606117017,False,False
187,-7.751714256862994,0.25425113733550564,False,False
188,-7.815864904614208,0.25903772108251927,False,False
189,-8.423714191489937,0.2793166064986548,False,False
190,1.3667820385324028,0.32028748081019676,False,False
191,1.5625370716745905,0.3398975968854645,False,False
192,1.1212336755470518,0.339779957970284,False,False
193,1.4846899742945499,0.36302702343738924,False,False
194,1.9338259996148024,0.39028340391206723,False,False
195,1.3102526091086564,0.4305633840129965,False,False
196,0.0975825051678125,0.5103855737805867,False,False
197,-0.020440072721664607,0.6280162382625856,False,False
198,-0.11418858593700998,0.7572592006690315,False,False
199,0.3870293465444745,0.8536394970103569,False,False
200,0.7695980340841395,0.9249744424829649,False,False
201,1.3603779934154643,0.9708453459749247,False,False
202,1.1576656022183478,0.9938347206895841,False,False
203,1.2993418450215573,0.9911253027142232,False,False
204,1.5822861112841393,0.9690025201224347,False,False
205,1.177162324495832,0.9191430481350074,False,False
206,0.7157406615162454,0.8502458722273823,False,False
207,0.2038748154202118,0.7637488600425846,False,False
208,-0.5074032357107169,0.686956282968224,False,False
209,-0.1445199135427816,0.763437601048711,False,False
210,0.3738692585341106,0.8604628637011471,False,False
211,-0.13072434838202684,1.0047034903973606,True,False
212,1.3123509974938157,0.7320184992142745,False,False
213,0.6701917646411011,0.7268226091205929,False,False
214,1.2936301774966499,0.6922756257389564,False,False
215,1.5994659277098464,0.6545410871040249,False,False
216,0.3989052758500791,0.664337194454861,False,False
217,0.9978320817498731,0.686167412462254,False,False
218,1.724187913363214,0.7103382984358211,False,False
219,1.4363748846502937,0.7260274060712169,False,False
220,1.3644032384015472,0.723162986331041,False,False
221,0.8686895703296236,0.698602278690018,False,False
222,-0.4168481115055166,0.6462426705205924,False,False
223,-0.32771848896535594,0.5750937011479912,False,False
224,0.4606289464249584,0.5559808430508513,False,False
225,-0.10521271363021126,0.5608094095901931,False,False
226,0.8281903931426536,0.5384884075578262,False,False
227,1.2399859809545593,0.5118163533867707,False,False
228,1.2661475392700043,0.4970142406488855,False,False
229,2.6092790381651594,0.5479348326986785,False,False
230,2.203187737524419,0.5799181544325,False,False
231,3.577552311221066,0.6067216400380546,False,False
232,4.583172678573627,0.635204391528067,False,False
233,5.081399108322556,0.6388169850244166,False,False
234,4.9173642161078455,0.6288735726047708,False,False
235,4.5557480099264485,0.5942742520509795,False,False
236,6.881372524868575,0.6105616797272749,False,False
237,5.729461423390854,0.6425823245596032,False,False
238,6.024032144475694,0.673309489313096,False,False
239,5.707110536090353,0.7242229590674941,False,False
240,6.340419249038289,0.750715688468246,False,False
241,6.582205398635792,0.7529159044745871,False,False
242,5.956772450421365,0.7238608353289789,False,False
243,6.448664608500184,0.6764580623710622,False,False
244,5.919160223692161,0.6079956160036402,False,False
245,4.491535100309179,0.527906588733352,False,False
246,1.863078770279571,0.5305431960821384,False,False
247,4.48921338211434,0.6105532805556867,False,False
248,5.428163385589776,0.7095202733354841,False,False
249,5.186885077644116,0.7770568571217862,False,False
250,4.271339677571683,0.8194626412986212,False,False
251,4.564071345850952,0.8402794151619212,False,False
252,5.968812208651666,0.836715569594594,False,False
253,5.459664172608405,0.8096142574091357,False,False
254,4.307351037794248,0.7566253790358278,False,False
255,5.091903325600578,0.6760699877472918,False,False
256,5.321066002465008,0.6367236953446713,False,False
257,4.7706293237961415,0.6014315871080425,False,False
258,0.9364827113702352,0.7482285337124244,False,False
259,2.376489338966449,0.962297997341427,False,False
260,2.823750996226624,1.140985043659129,True,False
261,1.81100500463084,0.7222045506068684,False,False
262,1.2819060503688018,0.7130575746681458,False,False
263,1.2206489959156483,0.6772672435943842,False,False
264,2.007605683289337,0.6540465874522949,False,False
265,3.099323541690129,0.65740010018582,False,False
266,3.8599412229702224,0.649259484116505,False,False
267,3.1503222153649344,0.6184639434651804,False,False
268,2.6566655486933817,0.5729314603671767,False,False
269,2.085538339884581,0.51258317967483,False,False
270,0.6842022435645074,0.4751235477820347,False,False
271,0.7904637964855291,0.5530461094366266,False,False
272,1.6698024506913474,0.6370052375660104,False,False
273,1.611151289402798,0.6877756911761501,False,False
274,1.028257609823897,0.7088833067472268,False,False
275,1.2688583631516326,0.7185128785238438,False,False
276,1.5980673227157602,0.7455340623705031,False,False
277,2.6026340334095006,0.7729653878978113,False,False
278,2.3283301666068765,0.7771912238612093,False,False
279,2.4757406889397178,0.7557530450958022,False,False
280,1.9876273513306943,0.7184863441461384,False,False
281,1.820118866111451,0.6553509530019157,False,False
282,1.2649586883876567,0.565525670013768,False,False
283,1.0547447814579218,0.5117166711872672,False,False
284,1.861917026162149,0.5524858507689074,False,False
285,1.451712475219054,0.5787537899869888,False,False
286,1.7048801743814122,0.6086709392221483,False,False
287,1.6802070428387657,0.6233226731439123,False,False
288,1.718075193239079,0.6194666667460386,False,False
289,0.6793419898133357,0.595940306029974,False,False
290,0.992762862325673,0.5606029788127401,False,False
291,3.0228152387717806,0.575320380289766,False,False
292,5.48288043409422,0.6838891033994574,False,False
293,5.316320293449656,0.7688378210992475,False,False
294,6.258420084885315,0.8316288458149433,False,False
295,6.455799360567529,0.8782659981246639,False,False
296,5.873386427462494,0.9046383961122072,False,False
297,5.252259866371849,0.9012930400839098,False,False
298,7.116740560051016,0.8761300478034361,False,False
299,7.129049295628631,0.8244741438496054,False,False
300,4.7559003675911065,0.7704529859511295,False,False
301,2.366027189207124,0.7903799864534841,False,False
302,2.380865682972608,0.9257666687233304,False,False
303,2.2802897007352345,1.0287213461123486,True,False
304,1.404700991955416,0.7339056855167692,False,False
305,1.0627961585126122,0.7257330867315362,False,False
306,1.2741429653403917,0.6919777342542068,False,False
307,1.4425624821715881,0.6613826438251966,False,False
308,2.1155539757316526,0.6528350031556063,False,False
309,2.149823008463258,0.6465412187310162,False,False
310,3.0135966197277746,0.6151409359986352,False,False
311,1.958423325360116,0.5680403903918279,False,False
312,4.725591116398656,0.564939491072379,False,False
313,5.152144334346973,0.6017284551621539,False,False
314,5.166294032619536,0.6199230952076834,False,False
315,4.96720886987628,0.6145553548064704,False,False
316,4.5404594760863155,0.5856479581024576,False,False
317,3.584474400680343,0.5579833183934392,False,False
318,2.7532321414679144,0.6062176897580908,False,False
319,2.8435355933468207,0.6413587992586363,False,False
320,3.3882424274792022,0.663480080576454,False,False
321,3.8785575285397935,0.6613439094311742,False,False
322,3.3250678694855136,0.649979547038121,False,False
323,3.6341973851597524,0.6506469945920238,False,False
324,3.7148535462619092,0.6507840787628686,False,False
325,2.589226558367677,0.6233534248568284,False,False
326,2.862037825763008,0.5836395444661221,False,False
327,2.3068348465983246,0.6046016996494301,False,False
328,0.7102806567879516,0.6416378066888466,False,False
329,0.9022557622172511,0.6767416366252649,False,False
330,0.43938011742718874,0.685599587069845,False,False
331,0.0674177867129151,0.6980523137405513,False,False
332,0.5788656829394239,0.6995589835645784,False,False
333,0.6178570599388068,0.6824742909106127,False,False
334,-0.09585397146834992,0.6442980685343908,False,False
335,1.11312198347669,0.5994895131885065,False,False
336,2.8601767052473694,0.7119340501779452,False,False
337,4.705591806721256,0.9036663665325949,False,False
338,4.32970355528305,1.064468229416815,True,False
339,2.614344094368641,0.8358235752946579,False,False
340,2.054048887215584,0.8234467464425009,False,False
341,1.753990881109158,0.772201371533883,False,False
342,0.5015225102203211,0.7156053426372723,False,False
343,0.6305158113222993,0.701587995338473,False,False
344,0.9414304967185889,0.6621780729344628,False,False
345,3.496707547349403,0.6321577525861398,False,False
346,3.6050866045329366,0.6783363011674644,False,False
347,2.1397467462901147,0.7470766865171183,False,False
348,1.0589699497876321,0.8048332802059863,False,False
349,1.2269959243780444,0.880884820182803,False,False
350,2.9262718757978705,0.9347906246704967,False,False
351,3.109929537016928,0.9568287946982473,False,False
352,3.318862852137072,0.9635529199666388,False,False
353,3.1693345419415206,0.9473465211265535,False,False
354,3.639076844131341,0.9038019511647564,False,False
355,2.974869795648895,0.8391304369526701,False,False
356,1.3787819064464624,0.7959708859461297,False,False
357,0.8380143750332731,0.8060070788397465,False,False
358,0.035480399757635284,0.842446369662986,False,False
359,-0.44682907409755707,0.8842418424654247,False,False
360,-0.5249368916756866,0.9367761866505544,False,False
361,-0.5184680819654953,0.9765093133701268,False,False
362,-1.4887370268183666,1.0055486988599838,True,False
363,2.372796793912681,0.8676875971712454,False,False
364,1.8293172873775494,0.8637610400196393,False,False
365,2.3306484291491327,0.8192563671508525,False,False
366,2.150452813901616,0.7364575122377587,False,False
367,3.807508287383767,0.6447266007647334,False,False
368,6.304508622485493,0.637980603703547,False,False
369,5.515900952367262,0.6089136333027969,False,False
370,5.507349867353157,0.5570712385905789,False,False
371,4.582741994756917,0.5678445093047169,False,False
372,4.7204474728347,0.6239979678766628,False,False
373,4.571395037127472,0.6718813246046987,False,False
374,5.147926450551061,0.6969027174633694,False,False
375,5.257266642827828,0.6967400182221606,False,False
376,3.2136447611923713,0.6906876174428281,False,False
377,2.7572749098704907,0.7062842683429398,False,False
378,3.0485725340840504,0.7046849763487129,False,False
379,2.834221115045466,0.6882105151323111,False,False
380,2.8594409832234358,0.6927466475602143,False,False
381,3.034644507810638,0.7005451364260105,False,False
382,2.703148007404269,0.700047664294817,False,False
383,0.19732779816737517,0.6627568583136697,False,False
384,1.9770379387891173,0.6168988863525297,False,False
385,2.129395648381287,0.5967770904433065,False,False
386,1.7706927727204433,0.5555300961690519,False,False
387,3.5780301754969237,0.607082796397008,False,False
388,4.1271522904027975,0.6616804579494366,False,False
389,4.612869136434036,0.6763425831270125,False,False
390,4.174990120452326,0.686762258833235,False,False
391,4.395365839904169,0.7073958314616267,False,False
392,3.9363144221279103,0.7046530013370448,False,False
393,4.591606112943349,0.698361089074288,False,False
394,4.522303905808693,0.686432032938643,False,False
395,3.8859806164006683,0.6465364836568454,False,False
396,1.8294816085145316,0.6118081716527409,False,False
397,0.9709484050675521,0.6059380040580153,False,False
398,0.3363625905531147,0.5938397981928113,False,False
399,0.818523382335216,0.5690459158501603,False,False
400,1.0422370166983632,0.5414507270768392,False,False
401,2.2835614634579926,0.5485087468059024,False,False
402,2.0363791696338907,0.5627501717383872,False,False
403,2.847275666633715,0.5663826687018334,False,False
404,4.161558966545241,0.6130238036971982,False,False
405,5.557133740542918,0.7613164825939095,False,False
406,6.887781766285975,0.8834192189411595,False,False
407,7.8378295901219035,0.99288670356142,False,False
408,7.356966770510707,1.085414323746708,True,False
409,1.2707700251730971,0.700751468803199,False,False
410,0.7042487001979243,0.6992404460160235,False,False
411,0.16395729436967516,0.6796909406408906,False,False
412,0.801393948752124,0.6573590686762563,False,False
413,1.466791290646912,0.6562590996063769,False,False
414,1.5281732724400667,0.6412775218475254,False,False
415,2.267783371014283,0.613858313931977,False,False
416,2.457327248561662,0.5925108667965867,False,False
417,2.328719501709382,0.5659262391819556,False,False
418,1.1935080026251375,0.5429417224183575,False,False
419,2.046973615708846,0.6090862671871418,False,False
420,1.2826089046858877,0.6597066061735705,False,False
421,0.5259198704410122,0.6941799350881195,False,False
422,1.4234336539651082,0.7103575444546522,False,False
423,1.0159228327970116,0.7042014981682259,False,False
424,-0.33659795581324475,0.7331399106553241,False,False
425,-0.4147533100545545,0.7659959418303991,False,False
426,0.7780789545282534,0.7777724187257592,False,False
427,2.768427467066289,0.8298872899332097,False,False
428,2.9173340130940293,0.851062964419398,False,False
429,2.859710876281807,0.8462289795868745,False,False
430,2.049490859889903,0.8440659761275122,False,False
431,2.0154631134794334,0.8775120328140088,False,False
432,2.300789565850287,0.9399857606739002,False,False
433,1.036997882402741,1.0288864180080075,True,False
434,1.979337824337712,0.7392346795050138,False,False
435,1.7499099642066005,0.7403455650149561,False,False
436,1.7517031409920365,0.7071692660536968,False,False
437,1.9058639563312694,0.648346065761208,False,False
438,3.6730607454238795,0.65277658570782,False,False
439,3.991393055446324,0.6371145636981856,False,False
440,4.575171989587889,0.6079749257921142,False,False
441,3.9668688031219217,0.6109885020122009,False,False
442,3.7004481902470987,0.6267428415707048,False,False
443,3.209004506287176,0.651373315004955,False,False
444,2.6603710058294645,0.7334006966155938,False,False
445,4.35522926031248,0.7870133427587875,False,False
446,4.269554723478486,0.8123144802936308,False,False
447,4.469475255003908,0.8077381892514884,False,False
448,4.906136178179211,0.7772528202064808,False,False
449,4.366087005391137,0.7380865044350626,False,False
450,4.702588380199369,0.7308269744846277,False,False
451,3.5788950617437267,0.7111199547454332,False,False
452,2.5404121770019983,0.6663400552820771,False,False
453,1.1342626095760138,0.6511645221265008,False,False
454,1.3096313495400163,0.674470212565544,False,False
455,0.7874630061136759,0.6958623624820823,False,False
456,1.8919062957140154,0.7086776446674463,False,False
457,1.3496464804879236,0.6998001179493759,False,False
458,0.4654928143090795,0.694167555828897,False,False
459,1.711704447252695,0.7797608900671281,False,False
460,2.33301235323071,0.8574882694474161,False,False
461,2.8270524615749046,0.914510024137374,False,False
462,2.5321279190889965,0.954521866065671,False,False
463,2.7298391385142264,0.9784774500294361,False,False
464,2.192256687385782,0.9640589601764868,False,False
465,1.850804209540192,0.9353974517755103,False,False
466,1.626889246644295,0.8991346128142744,False,False
467,1.5496738184033312,0.8487021285091134,False,False
468,1.553913991974591,0.7902669818135175,False,False
469,2.82428771434413,0.765807654488996,False,False
470,2.6746480902220537,0.7244624959386594,False,False
471,2.120754078280216,0.6617328385393031,False,False
472,1.3483241099836571,0.5679255527410579,False,False
473,0.7430610486646844,0.4603800297500314,False,False
474,0.026498016586673,0.34658667344131416,False,False
475,-9.819390818516764,0.2434223440751301,False,False
476,-9.801335671842555,0.25532759679056327,False,False
477,-9.054338461726088,0.29192979315565953,False,False
478,1.6972969201390113,0.3662393642753803,False,False
479,1.7402666499679649,0.4190895258260778,False,False
480,2.2950419927640944,0.4510163730390141,False,False
481,2.504863901015293,0.4598393014818572,False,False
482,1.1266964896118923,0.4911101373402104,False,False
483,1.9311850169690856,0.545930254721531,False,False
484,3.0242298106829675,0.6132152697906098,False,False
485,3.7007642920098873,0.7693822778719007,False,False
486,4.2790859309910445,0.9022658536734416,False,False
487,4.831318519390713,0.9963308795944388,False,False
488,3.9977177120325553,1.0672661087269355,True,False
489,1.3763579372287618,0.7192596457078603,False,False
490,0.8387891286837883,0.7231243713283533,False,False
491,1.919703126604389,0.7059391105878164,False,False
492,2.0873674499986974,0.6896454081005219,False,False
493,1.8698712802180826,0.6767926346103511,False,False
494,2.181458067006018,0.6407505965048462,False,False
495,2.237588205042181,0.5757990067449681,False,False
496,3.065038815182712,0.5214116945808235,False,False
497,4.646135677387993,0.547503182004601,False,False
498,2.641727227861985,0.5663134607462966,False,False
499,1.5526390009375333,0.5874829430551984,False,False
500,1.603945446434826,0.5900922730384456,False,False
501,1.9720520483226098,0.5674657290918503,False,False
502,1.6132316181884678,0.5243522962901769,False,False
503,1.2530251689051322,0.47866374807190654,False,False
504,1.2421475033519254,0.5602081573596032,False,False
505,1.9589486889860646,0.6359178260596128,False,False
506,1.6355393470524564,0.6892184387695717,False,False
507,0.7704715896333664,0.7148395474536527,False,False
508,1.6001528892288088,0.7133385114694732,False,False
509,2.0436928068234685,0.685857160342044,False,False
510,0.7832911405628782,0.6559744418417289,False,False
511,0.029922292403113393,0.6096320756344227,False,False
512,0.25518300302576535,0.5426455499990289,False,False
513,-0.5914780764198185,0.48765019731753906,False,False
514,-0.15106633378764728,0.45953870487410137,False,False
515,-0.8029134093155973,0.5026439467143512,False,False
516,-0.8743595303815997,0.5522172557394238,False,False
517,-0.7471866731667709,0.6077495755543698,False,False
518,-1.5100364467862324,0.6318689581144686,False,False
519,0.03646912823231871,0.6330039183779501,False,False
520,0.040422773679033575,0.6117336671611561,False,False
521,2.2783706220442275,0.6542134587707156,False,False
522,2.9795227713996155,0.7460372191746082,False,False
523,1.4612213200930995,0.8037190344453653,False,False
524,2.143533117311077,0.8315665836474031,False,False
525,2.750236429410271,0.8393354676491713,False,False
526,2.050082020914444,0.8276440779316099,False,False
527,2.4327175135210277,0.8119770845717486,False,False
528,3.984159894600342,0.7702831141520945,False,False
529,3.2752546155242843,0.7106176755933019,False,False
530,4.4993403147367825,0.6642118259800303,False,False
531,6.445898241080052,0.773466417587011,False,False
532,6.3215459605456665,0.871699499580546,False,False
533,7.300866658287142,0.9433295326046355,False,False
534,8.298471161662901,0.9995609291012411,False,False
535,7.52266328755535,1.03427145042023,True,False
536,2.129007244863515,0.7581623041258982,False,False
537,1.7251098253179618,0.751103222270019,False,False
538,1.7731931389408266,0.719102222167921,False,False
539,2.043446898903276,0.6554103928130859,False,False
540,4.2772545720773545,0.6817063275531542,False,False
541,5.004612628512488,0.6943161057321271,False,False
542,5.075189938271391,0.68995649795416,False,False
543,5.050846154478021,0.6632980802826627,False,False
544,4.713163882084833,0.6095501482559456,False,False
545,4.1719636972112,0.5362485047677082,False,False
546,2.55560437661292,0.5313169082292033,False,False
547,3.1105606499092597,0.5952039753773944,False,False
548,3.8372994150827817,0.6406968585369702,False,False
549,4.072760582454609,0.6554480882174054,False,False
550,3.6020254734891557,0.6560214978912062,False,False
551,4.4034512957741025,0.6355193083745482,False,False
552,5.258419179601946,0.6117712135256457,False,False
553,4.8956040756619466,0.5790503514345073,False,False
554,4.783890437089763,0.5254906240555998,False,False
555,4.383493441125767,0.556422071976517,False,False
556,4.147514111337265,0.6767987074944005,False,False
557,5.9901636472014275,0.7751097232663909,False,False
558,6.686298560812042,0.8529306635392916,False,False
559,6.946805431065542,0.9082039795411982,False,False
560,5.956272809436516,0.9378969047239085,False,False
561,6.462731385451877,0.9191089610048334,False,False
562,6.394619639001881,0.870178375313129,False,False
563,6.3487186828372835,0.8115051947458507,False,False
564,6.2633761493178,0.7367501359971993,False,False
565,3.976510061927292,0.7289529946945246,False,False
566,4.394028667535836,0.881567042704599,False,False
567,3.7643239056443245,1.0129149229107302,True,False
568,1.8886053814804853,0.7327876694587152,False,False
569,1.6159763955008057,0.7289602257323732,False,False
570,1.4953950095689548,0.6975504632187715,False,False
571,1.5681937059704474,0.6640280751668409,False,False
572,2.5197122588938594,0.6592690432252897,False,False
573,3.814849333503513,0.6730533008262403,False,False
574,4.029227503301817,0.6696181217357088,False,False
575,3.9438321346266663,0.658748346427654,False,False
576,3.6033620071876644,0.6270363517485017,False,False
577,3.5895377498135574,0.6702268874044857,False,False
578,2.2505347738813812,0.7139874647791782,False,False
579,2.4485473072284183,0.7347226376617209,False,False
580,3.095618182824875,0.7343356294569608,False,False
581,2.33231404310383,0.7788120971800077,False,False
582,2.8519938704400833,0.8749129176134016,False,False
583,2.9775380711439565,0.9406506916900982,False,False
584,3.27809084588326,0.9858101424435103,False,False
585,2.6160670800752377,1.0124503747310531,True,False
586,1.527201035285723,0.6692497569232454,False,False
587,1.01937997234415,0.6569262073857804,False,False
588,1.530297605106427,0.6602107552292173,False,False
589,2.4391099535289964,0.7227815158095928,False,False
590,3.23429002006905,0.776055985219342,False,False
591,3.5387644944240018,0.8051964332747743,False,False
592,3.5599342439985118,0.8148366606269918,False,False
593,3.3389614778925516,0.7927012719212978,False,False
594,3.5562607142024265,0.7561494329095705,False,False
595,3.0560772658449187,0.7023055315787597,False,False
596,1.7209705323259237,0.7174686161157489,False,False
597,2.295836994934211,0.7835364955931876,False,False
598,2.6546140636014415,0.8182906486852666,False,False
599,2.8101640627904088,0.8220936217216834,False,False
600,2.9085235902252986,0.8005150631113679,False,False
601,2.4801496313549247,0.7510148489294981,False,False
602,1.485521052670404,0.6749696131099383,False,False
603,0.17949622464923784,0.5797309971187874,False,False
604,-0.5698724213170595,0.48565922425006464,False,False
605,0.7144088576862841,0.4701801997615392,False,False
606,0.9275465715517033,0.511703305710101,False,False
607,1.474193298316886,0.5361750958127754,False,False
608,1.5290434977276912,0.562786731495293,False,False
609,1.743014156480152,0.5696217283703109,False,False
610,0.8776493338173028,0.6159379871720331,False,False
611,0.0101248154317915,0.6571067827188729,False,False
612,1.361171192601483,0.6873013380408134,False,False
613,1.917601832761981,0.6814045896023944,False,False
614,2.925064871429791,0.6786490500966734,False,False
615,2.5249507153881066,0.665841871636782,False,False
616,1.83561050988235,0.6365850780930046,False,False
617,2.244270159416261,0.5907658024377762,False,False
618,2.3309130416273462,0.5583917192770298,False,False
619,4.772266409899046,0.6432831038331155,False,False
620,5.530727664025451,0.7212847786298806,False,False
621,4.529695792995927,0.7638451526647192,False,False
622,4.307490384121568,0.7807398251978068,False,False
623,5.367671091264614,0.7846573399075975,False,False
624,4.698332997494756,0.7689051627573311,False,False
625,4.465809557699678,0.993747803151167,False,False
626,5.396229108194932,1.2276955771144318,True,False
627,1.6344047548947631,0.7651340609432006,False,False
628,1.087489698478175,0.7559841146570244,False,False
629,1.3996155104112717,0.7041131348077397,False,False
630,1.5162749250755292,0.6690633188153902,False,False
631,1.0327784391193793,0.6399194171651406,False,False
632,-0.06669509906982556,0.6004446451889914,False,False
633,-1.1266953418799748,0.552862036540274,False,False
634,-1.2325453911841626,0.49207042998953887,False,False
635,0.084204147397626,0.508009920754268,False,False
636,-0.24998999786381088,0.5665662566927402,False,False
637,0.0522576773923118,0.6339359962619255,False,False
638,1.0620232199751003,0.7033871525605383,False,False
639,1.7077162471988634,0.7456215438485801,False,False
640,1.7458109906560069,0.7610861560154623,False,False
641,1.8360987435918876,0.7624421215425676,False,False
642,2.692771864245804,0.7492548654901517,False,False
643,1.85751222567998,0.7283903928599367,False,False
644,1.7258705798459162,0.6933111756516808,False,False
645,2.80912235620968,0.6780197546479988,False,False
646,3.75072415700187,0.6865892752077958,False,False
647,4.390031513024519,0.6969929246606793,False,False
648,4.307144672408626,0.6754876918578032,False,False
649,3.5111354920859914,0.6286492018961223,False,False
650,1.8767324754488723,0.6102614490130365,False,False
651,1.9942501893789917,0.6008955291224886,False,False
652,0.5239283274343212,0.6355259387102725,False,False
653,-0.06467366357117876,0.6730022554275977,False,False
654,0.18620390354052374,0.687586009938918,False,False
655,0.3226751981381726,0.680852396011774,False,False
656,0.600401742730822,0.6487169820135417,False,False
657,2.6561138823245516,0.6364849227220531,False,False
658,0.44766428451856655,0.6423085073696346,False,False
659,1.1243971789034986,0.6373891722392876,False,False
660,1.187773200907814,0.6172113900576343,False,False
661,-0.03436222857115373,0.5973137154118243,False,False
662,-0.5097296829823658,0.5695646194301501,False,False
663,-0.5013988052571652,0.646465226887097,False,False
664,-0.07373054245162591,0.7432922510443996,False,False
665,0.7445773977085178,0.8120895949615029,False,False
666,1.8027055885858014,0.8657434352056592,False,False
667,0.33892034460912845,0.8954258475510207,False,False
668,0.008210986649131558,0.9088077189685198,False,False
669,0.6553572053345227,0.9101110153471925,False,False
670,1.2089789620208384,0.9470845875099237,False,False
671,2.7534665265601257,0.9837858914504326,False,False
672,2.7648944513331752,0.9988250968402594,False,False
673,1.4096779797281762,1.0190657538766146,True,False
674,1.248396014609297,0.6725747693338414,False,False
675,0.7004419984759815,0.6588579201528174,False,False
676,1.081114697945114,0.6400245267734721,False,False
677,1.2401973293591317,0.6628565277609384,False,False
678,0.5803820781233416,0.6759086488517163,False,False
679,1.4218361144365366,0.6600421507173596,False,False
680,0.9159406287795252,0.6159063429587213,False,False
681,0.054777550974438996,0.5775998693626312,False,False
682,0.17812998478787,0.5463322250387668,False,False
683,4.190963413770437,0.5996178175527453,False,False
684,4.266229947310535,0.6544814892230091,False,False
685,4.870072769838279,0.6865547615533335,False,False
686,5.610789323626035,0.7005374841633555,False,False
687,5.290173270831474,0.6958590410835557,False,False
688,3.5401870861713993,0.7107806588875665,False,False
689,4.084872052213178,0.9101712573186936,False,False
690,4.260261217748657,1.0843656809270639,True,False
691,1.8837452485254318,0.8664325366627668,False,False
692,1.4202379816980064,0.861374643959806,False,False
693,1.7304896283672557,0.8150927757216843,False,False
694,1.6289367747770545,0.7391785686945574,False,False
695,2.5575632849190484,0.7138111009744413,False,False
696,2.714411043533066,0.6619999969948593,False,False
697,1.7763105661518113,0.5927495864686495,False,False
698,1.9933037080896532,0.574472719143968,False,False
699,2.4577251331082737,0.6570117715239603,False,False
700,2.3989593703775114,0.7194273689239172,False,False
701,1.8732921969759366,0.7536678452939358,False,False
702,3.6550141902330786,0.7678429580781692,False,False
703,3.176724110876475,0.7569384904452986,False,False
704,1.6860800587956113,0.7348838375397211,False,False
705,0.1622591557126759,0.7005216257963354,False,False
706,1.1075024464485506,0.6518221522993813,False,False
707,1.5744847307919105,0.5876874728233353,False,False
708,2.211722577929716,0.5435745928176368,False,False
709,4.5999807380218805,0.5868970631198479,False,False
710,3.5517318667437223,0.6325386726873568,False,False
711,2.954714174500377,0.712233471396991,False,False
712,2.169831106693831,0.7679101691745566,False,False
713,1.9403312336256393,0.7991601462803034,False,False
714,2.3539629646083284,0.8166510053054615,False,False
715,3.7560371864404645,0.7960378096163658,False,False
716,3.558144694915302,0.7437603647480302,False,False
717,3.0996903882458975,0.6742852533071054,False,False
718,5.017923433877099,0.7307363357520856,False,False
719,6.76712649958788,0.8549125676176319,False,False
720,6.5323380324142715,0.9487787305809101,False,False
721,5.911177088374236,1.0118463415792163,True,False
722,1.5694826540005158,0.7467281469029208,False,False
723,1.0884494978389925,0.7345549984612549,False,False
724,0.5749313410124561,0.6867843462724514,False,False
725,-1.0209505072735032,0.6747960700253461,False,False
726,-0.6700709204303783,0.6779357658690425,False,False
727,-0.24205162320559093,0.6797135077181619,False,False
728,-0.4985257042350152,0.6526032280209767,False,False
729,-0.7712088946971336,0.6060866197515361,False,False
730,0.43956064668676487,0.5804725999014654,False,False
731,-0.40883493048831465,0.543559283821657,False,False
732,-0.6927438372123038,0.5110125191456568,False,False
733,0.7080939922476011,0.5981932189485554,False,False
734,1.125895737397434,0.6763550135431466,False,False
735,2.604636792883869,0.7447444006537122,False,False
736,3.4694043841756455,0.853862590913851,False,False
737,4.240609592458859,0.9274461255941822,False,False
738,4.922428872629087,0.9877391829992693,False,False
739,3.507521145276131,1.024005596383158,True,False
740,1.2322444234099115,0.7283840583362212,False,False
741,0.5869649286711354,0.7180387754928103,False,False
742,0.6191618491270616,0.6940006680644407,False,False
743,0.09868639249844181,0.6796544781431741,False,False
744,0.5044789935638732,0.6815632320444776,False,False
745,1.0867559855499085,0.6715749783738473,False,False
746,0.9731670423189474,0.6386347741813477,False,False
747,0.590596197372206,0.5966502879956013,False,False
748,2.4139966812941283,0.5911498884200205,False,False
749,3.7058455591680204,0.6654125329917951,False,False
750,3.485282521982005,0.718442051223793,False,False
751,4.021135496748677,0.7445756635448469,False,False
752,4.4466918859813624,0.7422286037068082,False,False
753,4.313361908828746,0.7131602099284973,False,False
754,5.108264715554943,0.7056566401501149,False,False
755,5.043524882441263,0.6957034095923853,False,False
756,5.179095200159066,0.6746421804261348,False,False
757,4.957155380931045,0.6318067432986451,False,False
758,3.7803962668504294,0.5794598134448204,False,False
759,2.1103679839996365,0.5899554061699691,False,False
760,2.8329719135494447,0.6372141198447393,False,False
761,2.404858164363347,0.6696322126293073,False,False
762,3.625735672091911,0.6783901451520914,False,False
763,4.7755839406141165,0.6848170524561855,False,False
764,4.755362693291069,0.6785467945211288,False,False
765,4.0359288566837765,0.6553332124031084,False,False
766,2.689453651306791,0.6369930130660622,False,False
767,2.871096142370787,0.6162793907213835,False,False
768,3.469928816305625,0.607880274288871,False,False
769,3.51978692078133,0.5977926248344754,False,False
770,7.2492436511256075,0.7231276869326684,False,False
771,7.148429686744853,0.8269677614213945,False,False
772,7.5097668384970495,0.9091037529795317,False,False
773,8.262760491090678,0.9770159090643163,False,False
774,6.699696658683557,1.0293965767524895,True,False
775,2.7583603043554046,0.8691108795280574,False,False
776,2.3121335484320835,0.8689819828242659,False,False
777,2.528427582396133,0.8285014165095065,False,False
778,1.9723105501436755,0.7506731435044157,False,False
779,1.7632966968093102,0.6853626087742735,False,False
780,2.322036026227461,0.6193255360965414,False,False
781,1.4819697491717485,0.5624499410382375,False,False
782,2.201896673434669,0.5607726774124068,False,False
783,2.5863908597422562,0.5526759521357176,False,False
784,1.9592922582231878,0.5785022608263792,False,False
785,0.8398243844675803,0.6017531006517172,False,False
786,1.1860613725138385,0.6316965648807347,False,False
787,1.2427370243829174,0.6443641868676314,False,False
788,2.0164928855210067,0.6488172250472567,False,False
789,2.265797401828926,0.654763249217565,False,False
790,2.0934040293009826,0.6946053325259599,False,False
791,3.644492325968775,0.7080267814516616,False,False
792,4.104627092524843,0.712314880110707,False,False
793,4.184671756244006,0.710595041267496,False,False
794,3.1677366462583736,0.7052066767768771,False,False
795,3.9969798588249628,0.714228546822036,False,False
796,4.354184736966284,0.7225054245982709,False,False
797,4.4823800738906385,0.7035421785362994,False,False
798,4.46107435519483,0.6770102851760713,False,False
799,6.661215002050583,0.735043243292745,False,False
800,7.707849723600004,0.7980248080661391,False,False
801,7.770137795979319,0.8315946353575369,False,False
802,7.7269510981901055,0.8382938377481223,False,False
803,7.616817215561699,0.8198489424976804,False,False
804,7.331018681078554,0.7768090709909794,False,False
805,6.3528946193924165,0.7148688834302566,False,False
806,4.605708604655899,0.7563364099204498,False,False
807,5.146440943926922,0.8243982078391648,False,False
808,6.2179937536092424,0.866022745319535,False,False
809,6.569879347814377,0.8865995039297178,False,False
810,5.9786805432195695,0.8795281751665179,False,False
811,5.935700910122896,0.8302904837818985,False,False
812,5.1470021846084535,0.7547966385014966,False,False
813,4.564649689097778,0.6709168040125969,False,False
814,4.87825265011378,0.622493125270459,False,False
815,0.7272650105242461,0.6703051129499622,False,False
816,1.96486424958756,0.7225626092358587,False,False
817,2.1603527901984214,0.7480297398053514,False,False
818,2.959215573602634,0.7436657461922154,False,False
819,4.418297162418541,0.7474900676034157,False,False
820,2.2967488003703527,0.760041230663358,False,False
821,2.672996776034899,0.7779443793239488,False,False
822,3.189182222333476,0.7921839971156781,False,False
823,2.1180007356075623,0.7982576742496988,False,False
824,1.1152513883422914,0.854137973642045,False,False
825,1.7851955826223733,0.9365900775785353,False,False
826,2.1154473244702148,0.995015871130013,False,False
827,1.1874701725750696,1.026686115382926,True,False
828,1.3064596982514898,0.6930099987979099,False,False
829,0.8416421518832519,0.699394551361471,False,False
830,1.0831053234655048,0.6635824066654453,False,False
831,0.29135932243123863,0.6379451782989627,False,False
832,0.195481085266457,0.6244976308163823,False,False
833,0.458882547624731,0.5895199235013037,False,False
834,1.9369411954755211,0.5908346586081415,False,False
835,3.34346118961691,0.67554542492766,False,False
836,2.991369657728211,0.7300344632690795,False,False
837,2.2458877435984403,0.7553430565927549,False,False
838,1.6954622626328262,0.7536167858684629,False,False
839,1.206522325228079,0.727383392197527,False,False
840,0.7247716199421199,0.686560902980241,False,False
841,-0.3274946816606694,0.6673122174780218,False,False
842,0.45182202332325117,0.6202549154149983,False,False
843,0.5036724237946079,0.5482700268341613,False,False
844,1.4313017899638152,0.4819566690818847,False,False
845,2.3321648111871176,0.501321866815416,False,False
846,1.103004174522853,0.5136027119836271,False,False
847,0.4554388984265821,0.5061533679229997,False,False
848,0.9157531007772296,0.4927175747752048,False,False
849,2.2883389572691035,0.4711534981395385,False,False
850,1.0281337783062334,0.5511606728995188,False,False
851,2.3097083945474552,0.6440605502532706,False,False
852,2.870662524360626,0.7135965926333152,False,False
853,2.8676714834449704,0.7618288230339593,False,False
854,2.6678225959022495,0.7805096202464711,False,False
855,2.2238771672564903,0.7757172571341902,False,False
856,1.298626546010044,0.7375804515980692,False,False
857,1.8318957152885926,0.6804451481993145,False,False
858,2.142186031194651,0.6064307452068398,False,False
859,2.314030870326542,0.5198762690806209,False,False
860,1.3549501883548347,0.4626733801863549,False,False
861,1.143725147060553,0.47343331468829325,False,False
862,3.079238511756727,0.6118362156917744,False,False
863,2.7465693449658497,0.726626860811237,False,False
864,3.0211691044434312,0.8212631475888327,False,False
865,3.5073243721513467,0.8855638204492043,False,False
866,3.109784224124744,0.9193242830953173,False,False
867,2.720820989871278,0.9223953217274619,False,False
868,3.327980216166577,0.9095773722420216,False,False
869,2.6239459080810743,0.8890928383253731,False,False
870,3.290153952342149,0.8952798372223157,False,False
871,4.105542215780996,0.8944642470367365,False,False
872,4.315178841535884,0.904366447714282,False,False
873,4.150834551296188,0.9289272343498228,False,False
874,5.852425716457804,0.9484865408418935,False,False
875,5.430059748018921,0.9426067397015189,False,False
876,4.445360077800161,0.9251984185164401,False,False
877,3.919247539328932,0.8872113761490317,False,False
878,3.9755143361211727,0.8303503625390726,False,False
879,4.042019182640555,0.763314028522108,False,False
880,3.4494291862104753,0.6825161168103221,False,False
881,2.376772383883868,0.6494860761603413,False,False
882,2.2100787811270983,0.6689603347500812,False,False
883,1.671741557199395,0.6983928238955472,False,False
884,1.9951289443409894,0.7160201331554064,False,False
885,2.7528630797947127,0.7072003627468795,False,False
886,2.5261444986208854,0.6585244919105633,False,False
887,1.6935485032343995,0.5818183318149491,False,False
888,0.40393328517652455,0.4868629698685246,False,False
889,0.43199015877336044,0.3716573212738323,False,False
890,-7.869824878234533,0.2892661400231753,False,False
891,-6.781704536179593,0.26636541782682377,False,False
892,3.2143700842214873,0.3075326639085978,False,False
893,3.052900549361643,0.3334731620876152,False,False
894,2.253872213063387,0.3397402813222037,False,False
895,2.455370816021927,0.31930167921216795,False,False
896,-6.6945487481012425,0.2736557928358547,False,False
897,-7.842644671045253,0.2533504587109892,False,False
898,-8.101518060847225,0.25857854663914775,False,False
899,-8.153824127304794,0.2621698731149664,False,False
900,-8.675639710822741,0.2697960519296415,False,False
901,-9.037290662838387,0.2567554132018789,False,False
902,-9.310889950726864,0.2863312358839342,False,False
903,-0.8528621709416254,0.3337287483626376,False,False
904,-0.3446991803090701,0.39377799989409423,False,False
905,-0.8932191102247985,0.44156465566460396,False,False
906,-0.12892371742314557,0.4549849543184471,False,False
907,-0.8521548758765709,0.4414235656874101,False,False
908,-0.4939783957252407,0.39439252614003695,False,False
909,-1.3468698596923447,0.38028809892650667,False,False
910,-2.2576987295842166,0.371670402385335,False,False
911,-0.7477862944505618,0.3639223125310517,False,False
912,0.47909379727687396,0.34878872159791446,False,False
913,0.044831797218126745,0.3014478027953226,False,False
914,-10.915205116689304,0.25378655190921673,False,False
915,-11.091394219266672,0.2577438725388653,False,False
916,-11.572145101635677,0.2596004540332555,False,False
917,-11.140438706392779,0.2945848854801805,False,False
918,-0.347887379461091,0.33033388733338215,False,False
919,-0.9240827936652091,0.33595187349966443,False,False
920,-0.9364680417692128,0.3168748782897297,False,False
921,-10.992752781417249,0.2685635906048253,False,False
922,2.1859353069561336,0.33319219850869686,False,False
923,2.4813764817876818,0.4027064370246626,False,False
924,3.2430219843849155,0.4453852966659946,False,False
925,3.016023755530602,0.46300287095528836,False,False
926,2.448346619804544,0.45420934105470956,False,False
927,2.420014459331197,0.42599069186588195,False,False
928,2.5371615747443785,0.3743106253826157,False,False
929,3.2372656174485375,0.3192823014036923,False,False
930,-7.103736351376704,0.2739134731701745,False,False
931,-7.09002224113991,0.25494049749228814,False,False
932,-7.932257696987206,0.25986993761182303,False,False
933,-8.396114032840979,0.2599778840114856,False,False
934,-8.739015672946246,0.2684429318477272,False,False
935,-9.124161172443477,0.2748828230590657,False,False
936,-1.6656254087297704,0.32212648174524533,False,False
937,-0.8810631376061757,0.4044369994285397,False,False
938,0.28494313277104305,0.5176764671403381,False,False
939,-0.264608866201622,0.5969278762200152,False,False
940,-0.760782194369644,0.6422457875074465,False,False
941,1.016802055707183,0.6601263384130789,False,False
942,1.7458722315325717,0.672269225876702,False,False
943,1.4767742439411031,0.670245780765924,False,False
944,0.74576803774651,0.652364066306227,False,False
945,0.38048407029203757,0.6178500341093361,False,False
946,1.3294528306424245,0.5968980267162255,False,False
947,2.3290893451952517,0.6178020722466685,False,False
948,2.3300541241313075,0.6118155004411289,False,False
949,2.1302118629718834,0.5815992835002158,False,False
950,1.1736048533064778,0.5338955779099291,False,False
951,1.2131403092573458,0.5076898680872554,False,False
952,1.8025418602929717,0.5300755027063364,False,False
953,3.3151581807130914,0.6140129494911405,False,False
954,3.934672932478586,0.7109819601657885,False,False
955,3.995038990136059,0.7694089347319282,False,False
956,3.9131076540154113,0.8082899391559942,False,False
957,5.2287980022943925,0.8366202704738308,False,False
958,5.24020626965325,0.8462957230122202,False,False
959,5.270529946485548,0.8321802609462251,False,False
960,4.876976697034282,0.7830217068061834,False,False
961,4.248012481488844,0.7019624251327767,False,False
962,3.803419498296777,0.6055008927922754,False,False
963,4.56727228483622,0.5833544275951826,False,False
964,5.1020050240757095,0.5629772692737106,False,False
965,4.193772079613257,0.5150460754915952,False,False
966,5.567088989052939,0.4880185147011347,False,False
967,5.1740588007372335,0.5826024279173715,False,False
968,5.156782501785946,0.6620833124438483,False,False
969,4.157444221427562,0.7037955790187098,False,False
970,5.345116316244111,0.7070801265260307,False,False
971,5.3112735805813305,0.6914739319925786,False,False
972,6.593371629593495,0.665304158563536,False,False
973,6.32681520691704,0.6219790125136042,False,False
974,5.704250397631721,0.5665777352853095,False,False
975,4.705261540628985,0.5227614908130616,False,False
976,5.107029168817894,0.4628254971973577,False,False
977,4.64833198400328,0.3733667154389349,False,False
978,3.071949843908735,0.3940284617902718,False,False
979,2.3908838693233774,0.41815290682984685,False,False
980,1.5445028998762065,0.4253276216155231,False,False
981,2.5525265919984594,0.4004835693188664,False,False
982,3.0653452523589357,0.3458762957710692,False,False
983,1.4836910158255534,0.33272824635151343,False,False
984,1.0573086273030285,0.35031753745636013,False,False
985,0.45492019365498615,0.3520510028631683,False,False
986,-0.25220290440879617,0.35174360798289755,False,False
987,-2.197025034889939,0.37749560651114994,False,False
988,-1.7300446917481507,0.3849232633682485,False,False
989,-1.1198527420885442,0.37433219866570855,False,False
990,-1.4929516475700293,0.34966907607385334,False,False
991,-1.7436605220083645,0.30453842632589073,False,False
992,-10.949443098307537,0.24956549039830714,False,False
993,-11.357563977892793,0.2573124660979947,False,False
994,-12.144571060130886,0.25941627177816484,False,False
995,-12.200193743961677,0.25956929032977827,False,False
996,-10.288452605608764,0.2692820628131701,False,False
997,1.7909584709595476,0.3223299903554723,False,False
998,1.740829868869672,0.373672147224598,False,False
999,1.3432280272440071,0.3986281033109716,False,False
